id,nom_estab,raz_social,nombre_act,telefono,correoelec,www,tipo_vial,nom_vial,numero_ext,nomb_asent,municipio,entidad,cod_postal
baja_inmo_cawomex,"Inmobiliaria Cawomex","Cawomex Bienes Raíces S.A. de C.V.","Bienes Raíces / Inmobiliaria","6865526540","info@cawomex.com","https://cawomex.com","","Av. Madero 650","","Zona Centro","Mexicali","Baja California","21000"
baja_inmo_brnorte,"Bienes Raíces del Norte","Bienes Raíces del Norte S. de R.L.","Bienes Raíces / Inmobiliaria","6865610628","info@bienesraicesdelnorte.com","https://bienesraicesdelnorte.com","","Calz. Justo Sierra 1120","","Los Pinos","Mexicali","Baja California","21100"
baja_inmo_casasvifany,"Casas Vifany","Desarrolladora Vifany de BC","Bienes Raíces / Inmobiliaria","6865192887","info@casasvifany.mx","https://casasvifany.mx","","Blvd. Benito Juárez 1800","","Residencias","Mexicali","Baja California","21200"
baja_inmo_centinelahomes,"Centinela Homes","Centinela Homes Real Estate","Bienes Raíces / Inmobiliaria","6861656457","ventas@centinelahomes.com","https://centinelahomes.com","","Calz. Cetys 2400","","Rivera","Mexicali","Baja California","21300"
baja_inmo_gmz,"Inmobiliaria GMZ","Grupo GMZ Asesores Inmobiliarios","Bienes Raíces / Inmobiliaria","6863378315","contacto@inmobiliariagmz.com","https://inmobiliariagmz.com","","Av. Reforma 1020","","Segunda Sección","Mexicali","Baja California","21000"
baja_inmo_bienex,"Bienex Inmobiliaria","Bienex Soluciones Inmobiliarias S.A.","Bienes Raíces / Inmobiliaria","6862009020","ventas@bienex.mx","https://bienex.mx","","Blvd. Lázaro Cárdenas 2850","","Villas del Palmar","Mexicali","Baja California","21250"
baja_inmo_isa,"ISA Inmobiliaria","Inmobiliaria del Sol de Mexicali S.A.","Bienes Raíces / Inmobiliaria","6865543660","ventas@isamx.com","https://isamx.com","","Av. Obregón 850","","Primera Sección","Mexicali","Baja California","21000"
baja_inmo_exe,"EXE Inmobiliaria","EXE Desarrollos e Inmuebles","Bienes Raíces / Inmobiliaria","6865516500","atencionaclientes@exe.com.mx","https://exe.com.mx","","Calz. Cuauhtémoc 500","","Aviación","Mexicali","Baja California","21100"
tij_inmo_kinmobiliaria,"K Inmobiliaria","K Inmobiliaria de Tijuana S.A.","Bienes Raíces / Inmobiliaria","6641119826","contacto@kinmobiliaria.mx","https://kinmobiliaria.mx","","Blvd. Agua Caliente 4558","","Aviación","Tijuana","Baja California","22000"
tij_inmo_bajahabitat,"Baja Hábitat","Baja Hábitat Bienes Raíces","Bienes Raíces / Inmobiliaria","6646089825","info@bajahabitat.mx","https://bajahabitat.mx","","Paseo de los Héroes 10093","","Zona Urbana Río","Tijuana","Baja California","22010"
tij_inmo_tijuana,"Inmobiliaria Tijuana","Inmobiliaria Tijuana y Costa S.A.","Bienes Raíces / Inmobiliaria","6644511582","clientes@inmobiliariatijuana.com","https://inmobiliariatijuana.com","","Vía Rápida Poniente 1450","","Zona Urbana Río","Tijuana","Baja California","22400"
mxl_dent_mexicali,"Mexicali Dental Clinic","Mexicali Dental Care S.C.","Salud / Odontología","6865525099","mexicalidentalclinic@gmail.com","https://dentalmexico.com","","Av. Reforma 719, Planta B Local 3","","Primera Sección","Mexicali","Baja California","21100"
mxl_dent_smilers,"Smilers Dental Clinic","Smilers Dental Center Mexicali","Salud / Odontología","7608974008","contacto@dentistamexicali.com","https://dentistamexicali.com","","Av. Álvaro Obregón 1150","","Segunda Sección","Mexicali","Baja California","21100"
tij_dent_clinic_rio,"Dental Clinic Tijuana","Dental Clinic Tijuana S.A. de C.V.","Salud / Odontología","6646506565","info@dentalclinictijuana.com","https://dentalclinictijuana.io","","David Alfaro Siqueiros 2800","","Zona Urbana Río","Tijuana","Baja California","22010"
tij_dent_clinic_centro,"Clínica Dental Tijuana","Especialistas Dentales Tijuana S.C.","Salud / Odontología","6646851610","info@clinicadentaltijuana.com","https://clinicadentaltijuana.com","","Calle 5ta (Zapata) 8024","","Zona Centro","Tijuana","Baja California","22000"
tij_dent_sofdental,"SOFDental","SOFDental Tijuana Group","Salud / Odontología","6646853979","contacto@sofdental.com.mx","https://sofdental.com.mx","","Ave. Melchor Ocampo 1640","","Zona Centro","Tijuana","Baja California","22000"
cdmx_inmo_city,"City Inmobiliaria","City Inmobiliaria México S.A. de C.V.","Bienes Raíces / Inmobiliaria","5562738829","contacto@cityinmobiliaria.com.mx","https://cityinmobiliaria.com.mx","","Av. Insurgentes Sur 1235","","Del Valle","Ciudad de México","Ciudad de México","03100"
cdmx_inmo_laagencia,"La Agencia Real Estate","La Agencia Real Estate CDMX","Bienes Raíces / Inmobiliaria","5549070203","info@laagenciarealestate.com.mx","https://laagenciarealestate.com.mx","","Campos Elíseos 204","","Polanco","Ciudad de México","Ciudad de México","11560"
cdmx_inmo_alfaesencial,"Alfa Inmobiliaria Esencial","Alfa Inmobiliaria Franquicia Esencial","Bienes Raíces / Inmobiliaria","5526020851","contacto@alfaesencial.com","https://alfaesencial.com","","Álvaro Obregón 168","","Roma Norte","Ciudad de México","Ciudad de México","06700"
cdmx_inmo_c21confianza,"Century 21 Confianza","Century 21 Confianza Bienes Raíces","Bienes Raíces / Inmobiliaria","5558821501","ventas@century21confianza.com","https://century21confianza.com","","Av. Revolución 950","","San Ángel","Ciudad de México","Ciudad de México","01000"
cdmx_inmo_hound,"Hound México","Hound Real Estate S.A.P.I.","Bienes Raíces / Inmobiliaria","5541686298","contacto@houndmexico.com","https://houndmexico.com","","Paseo de las Palmas 425","","Lomas de Chapultepec","Ciudad de México","Ciudad de México","11000"
cdmx_inmo_expresso,"Expresso Bienes Raíces","Expresso Bienes Raíces S.A.","Bienes Raíces / Inmobiliaria","5555664260","informes@expressobienesraices.com","https://expressobienesraices.com","","Paseo de la Reforma 369","","Cuauhtémoc","Ciudad de México","Ciudad de México","06500"
gdl_inmo_espacios,"Espacios GDL Asesoría Inmobiliaria","Espacios GDL Asesores S.C.","Bienes Raíces / Inmobiliaria","3331332520","info@espaciosgdl.com","https://espaciosgdl.com","","Av. Guadalupe 4280","","Jardines de Guadalupe","Zapopan","Jalisco","45050"
gdl_inmo_puertatres,"Puerta Tres Avalúos e Inmobiliaria","Puerta Tres Consultores Inmobiliarios","Bienes Raíces / Inmobiliaria","3316614990","contacto@puertatresavaluos.com","https://puertatresinmobiliaria.com","","Av. Patria 1850","","Puerta de Hierro","Zapopan","Jalisco","45110"
gdl_inmo_fuerza,"Fuerza Inmobiliaria de Occidente","Fuerza Inmobiliaria de Occidente S.A.","Bienes Raíces / Inmobiliaria","3322018115","contacto@fuerzainmobiliaria.com","https://fuerzainmobiliaria.com","","Av. Américas 1254","","Country Club","Guadalajara","Jalisco","44600"
gdl_inmo_link,"Link Inmobiliario GDL","Link Inmobiliario de Occidente","Bienes Raíces / Inmobiliaria","3318043673","contacto@linkinmobiliario.com.mx","https://linkinmobiliario.com.mx","","Av. López Mateos Sur 2077","","Ciudad del Sol","Zapopan","Jalisco","45070"
gdl_inmo_aldea,"Aldea Inmobiliaria","Aldea Inmobiliaria Guadalajara S.A.","Bienes Raíces / Inmobiliaria","3317145361","contacto@aldeainmobiliaria.com.mx","https://aldeainmobiliaria.com.mx","","Av. Vallarta 2440","","Lafayette","Guadalajara","Jalisco","44100"
gdl_inmo_altenza,"Altenza Bienes Raíces","Altenza Real Estate de México","Bienes Raíces / Inmobiliaria","3322304001","info@altenzabienesraices.com","https://altenzabienesraices.com","","Av. Acueducto 6050","","Lomas del Bosque","Zapopan","Jalisco","45010"
mty_inmo_gvia,"Grupo Vía Inmuebles","Grupo Vía Inmuebles S.A. de C.V.","Bienes Raíces / Inmobiliaria","8182188939","info@gvia.mx","https://gvia.mx","","Calz. del Valle 400 Ote","","Del Valle","San Pedro Garza García","Nuevo León","66260"
mty_inmo_c21platinum,"Century 21 Platinum Realty","Platinum Realty San Pedro","Bienes Raíces / Inmobiliaria","8111592312","info@c21platinumrealty.com","https://century21mexico.com","","Av. Gómez Morín 922","","Comercial Gómez Morín","San Pedro Garza García","Nuevo León","66220"
mty_inmo_lobaton,"Lobatón Bienes Raíces","Lobatón Bienes Raíces S.A.","Bienes Raíces / Inmobiliaria","8120028290","info@lobaton.com.mx","https://lobaton.com.mx","","Av. Constitución 2050","","Obispado","Monterrey","Nuevo León","64000"
mty_inmo_melobueno,"Melo Bueno Bienes Raíces","Melo Bueno Asesores Inmobiliarios","Bienes Raíces / Inmobiliaria","8183562500","info@melobueno.com","https://melobueno.com","","Río de la Plata 450","","Del Valle","San Pedro Garza García","Nuevo León","66265"
mty_inmo_puertacuatro,"Puerta Cuatro Grupo Inmobiliario","Puerta Cuatro Inmuebles S.A.","Bienes Raíces / Inmobiliaria","8119748100","contacto@puertacuatro.com","https://puertacuatro.com","","Av. Jerónimo Siller 102","","Valle de San Ángel","San Pedro Garza García","Nuevo León","66290"
mty_inmo_moxom,"MOXOM Real Estate","MOXOM Inmobiliaria del Norte","Bienes Raíces / Inmobiliaria","8183560000","info@moxom.mx","https://moxom.mx","","Av. Roble 660","","Valle del Campestre","San Pedro Garza García","Nuevo León","66220"
qro_inmo_site,"Site Inmobiliaria","Site Inmobiliaria Querétaro","Bienes Raíces / Inmobiliaria","4422185585","informes@siteinmobiliaria.com","https://siteinmobiliaria.com","","Prol. Bernardo Quintana 4030","","San Pablo","Querétaro","Querétaro","76000"
qro_inmo_abitar,"Abitar Grupo Inmobiliario","Abitar Bienes Raíces del Bajío","Bienes Raíces / Inmobiliaria","4422484828","atencion@abitar.com.mx","https://abitar.com.mx","","Av. Constituyentes 124 Ote","","El Carrizal","Querétaro","Querétaro","76160"
pue_inmo_c21ceediez,"Century 21 CEE Diez","CEE Diez Inmobiliaria S.A.","Bienes Raíces / Inmobiliaria","2222274381","info@c21ceediez.com","https://c21ceediez.com","","Circuito Juan Pablo II 3105","","Las Ánimas","Puebla","Puebla","72160"
pue_inmo_alfombra,"Alfombra Roja Inmobiliaria","Alfombra Roja Bienes Raíces","Bienes Raíces / Inmobiliaria","2224383077","blanca@alfombrarojainmobiliaria.com","https://alfombrarojainmobiliaria.com","","Av. Juárez 2108","","La Paz","Puebla","Puebla","72000"
cdmx_dent_dentalmas,"Dental Más","Dental Más Consultorios Odontológicos","Salud / Odontología","5535872711","contacto@clinicasdentalmas.com","https://clinicasdentalmas.com","","Av. Tamaulipas 142","","Hipódromo Condesa","Ciudad de México","Ciudad de México","06140"
gdl_dent_clinicagdl,"La Clínica Dental Guadalajara","Especialistas Dentales Guadalajara S.A.","Salud / Odontología","3315809893","contacto@dentalguadalajara.com.mx","https://dentalguadalajara.com.mx","","Av. Chapultepec Sur 380","","Americana","Guadalajara","Jalisco","44160"
mty_dent_allorthodontic,"All Orthodontic","All Orthodontic Center Monterrey","Salud / Odontología","8112392619","contacto@allorthodontic.com","https://allorthodontic.com","","Av. Hidalgo 2530","","Obispado","Monterrey","Nuevo León","64000"
cdmx_dent_mexicana,"Clínica Dental Mexicana","Clínica Dental Mexicana S.C.","Salud / Odontología","5512502948","contacto@clinicadentalmexicana.com.mx","https://clinicadentalmexicana.com.mx","","Tonalá 208","","Roma Sur","Ciudad de México","Ciudad de México","06760"
cdmx_mkt_seccionamarilla,"Sección Amarilla Negocios","Anuncios en Directorios S.A. de C.V.","Marketing Digital / Publicidad","8002027272","ventas@seccionamarilla.com","https://seccionamarilla.com.mx","","Benjamín Franklin 132","","Escandón","Ciudad de México","Ciudad de México","01180"
cdmx_mkt_bluedesign,"Blue Design Worldwide México","Blue Design Worldwide S.A.","Marketing Digital / Publicidad","5552003000","contacto.mexico@agencia.blue","https://agencia.blue","","Arquímedes 130","","Polanco","Ciudad de México","Ciudad de México","11520"
cdmx_mkt_amplify,"Amplify","Amplify Marketing & Growth","Marketing Digital / Publicidad","5512091793","contacto@amplify.mx","http://amplify.mx","","Dakota 95","","Nápoles","Ciudad de México","Ciudad de México","03810"
cdmx_mkt_elevatorpeach,"Elevator Peach","Elevator Peach Creative Agency","Marketing Digital / Publicidad","5558450140","hola@elevatorpeach.com","http://elevatorpeach.com","","Hamburgo 213","","Juárez","Ciudad de México","Ciudad de México","06600"
cdmx_mkt_empujedigital,"Empuje Digital","Empuje Digital Estrategias S.A.","Marketing Digital / Publicidad","5567269656","info@empujedigital.com","http://empujedigital.com","","Av. Cuauhtémoc 780","","Narvarte","Ciudad de México","Ciudad de México","03100"
mty_mkt_futurite,"Futurite Marketing","Futurite Technologies & Marketing S.A.","Marketing Digital / Publicidad","8120929666","contacto@futurite.com","http://futurite.com","","Av. San Jerónimo 310","","San Jerónimo","Monterrey","Nuevo León","64000"
ags_mkt_linkmd,"Link MD","Link Marketing Digital S.A.","Marketing Digital / Publicidad","4493663139","contacto@linkmd.mx","http://linkmd.mx","","Av. Las Américas 402","","Las Américas","Aguascalientes","Aguascalientes","20000"
cdmx_cowork_ilo,"Ilo Santa Fe","Ilo Espacios Colaborativos S.A.","Coworking / Centros de Negocios","5511050505","informes@ilo.mx","https://ilo.mx","","Vasco de Quiroga 3800","","Santa Fe","Ciudad de México","Ciudad de México","01219"
cdmx_cowork_espacio51,"Espacio 51","Espacio 51 Coworking Group","Coworking / Centros de Negocios","5552788100","administracion@espacio51.mx","https://espacio51.mx","","Av. Patriotismo 51","","San Pedro de los Pinos","Ciudad de México","Ciudad de México","03800"
cdmx_cowork_networkoficinas,"Network Oficinas","Network Business Centers S.A. de C.V.","Coworking / Centros de Negocios","5512040956","contacto@networkoficinas.com","https://networkoficinas.com","","Horacio 1844","","Polanco","Ciudad de México","Ciudad de México","11560"
tol_cowork_network,"Network Coworking Toluca","Network Coworking del Estado de México","Coworking / Centros de Negocios","7229171863","administracion@networkcoworking.mx","https://networkcoworking.mx","","Paseo Tollocan 1205","","Universidad","Toluca","Estado de México","50000"
cdmx_cowork_jobs,"Jobs Coworking","Jobs Coworking de México S.A.","Coworking / Centros de Negocios","5636129550","conoceme@jobscoworking.mx","https://jobscoworking.mx","","Colima 161","","Roma Norte","Ciudad de México","Ciudad de México","06700"
mty_law_santoselizondo,"Santos | Elizondo Bufete de Abogados","Santos Elizondo Cantú Rivera García González Torres S.C.","Legal / Despacho Corporativo","8147771000","info@santoselizondo.com","https://santoselizondo.com","","Batallón de San Patricio 111, Torre Comercial América","","Valle Oriente","San Pedro Garza García","Nuevo León","66269"
mty_law_cortezberlanga,"Cortez Berlanga Bufete","Cortez Berlanga y Asociados S.C.","Legal / Despacho Corporativo","8180005681","contacto@cortezberlangabufete.com","https://cortezberlangabufete.com","","Av. Calzada del Valle 112","","Del Valle","San Pedro Garza García","Nuevo León","66220"
cdmx_law_hg,"HG Abogados","HG Abogados Consultores S.C.","Legal / Despacho Corporativo","8000501902","contacto@hg-abogados.com","https://hg-abogados.com","","Ejército Nacional 769","","Polanco","Ciudad de México","Ciudad de México","11560"
cdmx_law_macf,"Mijares, Angoitia, Cortés y Fuentes (MACF)","Mijares Angoitia Cortés y Fuentes S.C.","Legal / Despacho Corporativo","5552017400","contacto@macf.com.mx","https://macf.com.mx","","Javier Barros Sierra 540","","Santa Fe","Ciudad de México","Ciudad de México","05348"
cdmx_law_acsan,"Acedo Santamarina, S.C.","Acedo Santamarina S.C.","Legal / Despacho Corporativo","5559502000","info@acsan.mx","https://acsan.mx","","Montes Urales 755","","Lomas de Chapultepec","Ciudad de México","Ciudad de México","11000"
mty_law_llt,"Llorente Treviño Abogados","Llorente Treviño y Asociados S.C.","Legal / Despacho Corporativo","8183634500","contacto@lltabogados.com.mx","https://lltabogados.com.mx","","Av. Lázaro Cárdenas 1810, Torre Capitel","","Paseo Residencial","Monterrey","Nuevo León","64700"